As with all new generations of games, Black & White bring a plethora of Pokémon to the fold. These Pokémon make up for the biggest amount of new Pokémon in a generation. This page will detail the stats of these 156 Pokémon. The base stats ath the moment are preliminary so they may change

Recovery Items
In battle, your Pokémon are going to get injured or use up all the power points. As such, if you are in-battle or far from a Pokémon Centre, you're going to need these Recovery Items. These items work in many ways and can heal your Pokémon's Hit Points, restore them from a status condition or event bring a fainted Pokémon back.
Picture	Name	Effect	Location
	Antidote	A spray-type medicine. It lifts the effect of poison from one Pokémon.	Route 3, Pinwheel Forest, Pinwheel Forest, Pinwheel Forest (With Dowsing Machine), Icirrus City
Shop
Route 9, Accumula Town, Striaton City, Nacrene City, Castelia City, Nimbasa City, Driftveil City, Mistralton City, Icirrus City, Opelucid City, Pokemon League, Lacunosa Town, Undella Town, Black City, White Forest
	Awakening	A spray-type medicine. It awakens a Pokémon from the clutches of sleep.	Route 3, Dreamyard (With Dowsing Machine)
Shop
Route 9, Accumula Town, Striaton City, Nacrene City, Castelia City, Nimbasa City, Driftveil City, Mistralton City, Icirrus City, Opelucid City, Pokemon League, Lacunosa Town, Undella Town, Black City, White Forest
	Berry Juice	A 100% pure juice made of Berries. It restores the HP of one Pokémon by just 20 points.	Shop
Black City
	Burn Heal	A spray-type medicine. It heals a single Pokémon that is suffering from a burn.	Route 4, Route 4 (With Dowsing Machine)
Shop
Route 9, Accumula Town, Striaton City, Nacrene City, Castelia City, Nimbasa City, Driftveil City, Mistralton City, Icirrus City, Opelucid City, Pokemon League, Lacunosa Town, Undella Town, Black City, White Forest
	Casteliacone	A specialty of Castelia City. It will restore the status afflictions of one Pokemon.	Shop
Castelia City
	Elixir	It restores the PP of all the moves learned by the targeted Pokémon by 10 points each.	Route 1, Route 6, Wellspring Cave, Relic Castle (With Dowsing Machine), Mistralton Cave (With Dowsing Machine), Chargestone Cave (With Dowsing Machine), Twist Mountain (With Dowsing Machine), Lacunosa Town (With Dowsing Machine)
	Energy Root	A very bitter root. It restores the HP of one Pokémon by 200 points.	Shop
Driftveil City
	EnergyPowder	A very bitter medicine powder. It restores the HP of one Pokémon by 50 points.	Shop
Driftveil City
	Ether	It restores the PP of a Pokémon's selected move by a maximum of 10 points.	Route 4, Route 4 (With Dowsing Machine), Pinwheel Forest, Pinwheel Forest (With Dowsing Machine), Desert Resort (With Dowsing Machine), Nimbasa City, Cold Storage, Twist Mountain
	Fresh Water	Water with a high mineral content. It restores the HP of one Pokémon by 50 points.	Striaton City (Gift in Entrance to Gym), Nacrene City (In Gym Entrance), Castelia City, Desert Resort, Nimbasa City (In Gym Entrance), Driftveil City (In Gym Entrance), Mistralton City (In Gym Entrance), Icirrus City, Opelucid City (In Gym Entrance)
Shop
Route 4, Route 9, Route 9, Route 15, Route 16, Castelia City, Castelia City, Nimbasa City, Cold Storage, Twist Mountain, Opelucid City, Lacunosa Town, Village Bridge, Black City, Marvelous Bridge, Liberty Island
	Full Heal	A spray-type medicine. It heals all the status problems of a single Pokémon.	Route 3, Route 8, Route 10, Route 12, Striaton City, Wellspring Cave (With Dowsing Machine), Twist Mountain, Victory Road (With Dowsing Machine), Victory Road, Victory Road, Giant Chasm
Shop
Route 9, Accumula Town, Striaton City, Nacrene City, Castelia City, Nimbasa City, Driftveil City, Mistralton City, Icirrus City, Opelucid City, Pokemon League, Lacunosa Town, Undella Town, Black City, White Forest
	Full Restore	A medicine that fully restores the HP and heals any status problems of a single Pokémon.	Route 8 (From Bianca), Route 8 (With Dowsing Machine), Route 9, Route 10, Anville Town, N's Castle
Shop
Accumula Town, Striaton City, Nacrene City, Castelia City, Nimbasa City, Driftveil City, Mistralton City, Icirrus City, Opelucid City, Pokemon League, Lacunosa Town, Undella Town, Black City, White Forest
	Heal Powder	A very bitter medicine powder. It heals all the status problems of a single Pokémon.	Shop
Driftveil City
	Hyper Potion	A spray-type medicine for wounds. It restores the HP of one Pokémon by 200 points.	Route 4, Route 4 (With Dowsing Machine), Route 5, Route 6, Route 10, Route 11, Route 11 (With Dowsing Machine), Dreamyard, Wellspring Cave (With Dowsing Machine), Pinwheel Forest, Castelia City, Desert Resort (With Dowsing Machine), Cold Storage, Cold Storage (With Dowsing Machine), Mistralton Cave, Mistralton Cave (With Dowsing Machine), Mistralton Cave (With Dowsing Machine), Chargestone Cave, Chargestone Cave, Celestial Tower, Twist Mountain (With Dowsing Machine), Dragonspiral Tower, Victory Road (With Dowsing Machine), Abundant Shrine
Shop
Route 9, Accumula Town, Striaton City, Nacrene City, Castelia City, Nimbasa City, Driftveil City, Mistralton City, Icirrus City, Opelucid City, Pokemon League, Lacunosa Town, Undella Town, Black City, White Forest
	Ice Heal	A spray-type medicine. It defrosts a Pokémon that has been frozen solid.	Cold Storage
Shop
Route 9, Accumula Town, Striaton City, Nacrene City, Castelia City, Nimbasa City, Driftveil City, Mistralton City, Icirrus City, Opelucid City, Pokemon League, Lacunosa Town, Undella Town, Black City, White Forest
	Lava Cookie	Lavaridge Town's local specialty. It heals all the status problems of one Pokémon.	
	Lemonade	A very sweet drink. It restores the HP of one Pokémon by 80 points.	Route 9, Castelia City
Shop
Route 4, Route 9, Route 9, Route 15, Route 16, Castelia City, Castelia City, Nimbasa City, Cold Storage, Twist Mountain, Opelucid City, Lacunosa Town, Village Bridge, Marvelous Bridge, Liberty Island
	Max Elixir	It fully restores the PP of all the moves learned by the targeted Pokémon.	Route 8 (With Dowsing Machine), Route 14 (With Dowsing Machine), Route 18, Wellspring Cave (With Dowsing Machine), Dragonspiral Tower, Moor of Icirrus, Giant Chasm
	Max Ether	It fully restores the PP of a single selected move that has been learned by the target Pokémon.	Route 3, Route 7, Route 9, Route 13, Mistralton City (With Dowsing Machine), Moor of Icirrus (With Dowsing Machine)
	Max Potion	A spray-type medicine for wounds. It completely restores the HP of a single Pokémon.	Route 10 (With Dowsing Machine), Dreamyard (With Dowsing Machine), Wellspring Cave (With Dowsing Machine), Relic Castle, Chargestone Cave (With Dowsing Machine), Twist Mountain, Icirrus City (With Dowsing Machine) (Winter Only), Moor of Icirrus, Victory Road (With Dowsing Machine), Giant Chasm, N's Castle
Shop
Route 9, Accumula Town, Striaton City, Nacrene City, Castelia City, Nimbasa City, Driftveil City, Mistralton City, Icirrus City, Opelucid City, Pokemon League, Lacunosa Town, Undella Town, Black City, White Forest
	Max Revive	A medicine that revives a fainted Pokémon. It fully restores the Pokémon's HP.	Route 10 (From Bianca), Route 11 (With Dowsing Machine), Route 13, Route 15 (With Dowsing Machine), Relic Castle, Nimbasa City, Moor of Icirrus, Victory Road, Giant Chasm, N's Castle
	Moomoo Milk	Milk with a very high nutrition content. It restores the HP of one Pokémon by 100 points.	Shop
Driftveil City
	Old Gateau	Old Chateau's hidden specialty. It heals all the status problems of a single Pokémon.	Dragonspiral Tower (Gift from Professor Juniper)
	Parlyz Heal	A spray-type medicine. It eliminates paralysis from a single Pokémon.	Dreamyard, Pinwheel Forest, Chargestone Cave, Chargestone Cave (With Dowsing Machine), Chargestone Cave, Mistralton City (With Dowsing Machine)
Shop
Route 9, Accumula Town, Striaton City, Nacrene City, Castelia City, Nimbasa City, Driftveil City, Mistralton City, Icirrus City, Opelucid City, Pokemon League, Lacunosa Town, Undella Town, Black City, White Forest
	Potion	A spray-type medicine for wounds. It restores the HP of one Pokémon by just 20 points.	Route 1, Route 2
Shop
Route 9, Accumula Town, Striaton City, Nacrene City, Castelia City, Nimbasa City, Driftveil City, Mistralton City, Icirrus City, Opelucid City, Pokemon League, Lacunosa Town, Undella Town, Black City, White Forest
	Ragecandybar	A delicacy from the Johto Region. Heals all status problems.	Desert Resort (From Professor Juniper), Icirrus City
	Revival Herb	A very bitter medicinal herb. It revives a fainted Pokémon, fully restoring its HP.	Shop
Driftveil City
	Revive	A medicine that revives a fainted Pokémon. It restores half the Pokémon's maximum HP.	Route 5, Route 12, Dreamyard, Wellspring Cave (With Dowsing Machine), Nacrene City (With Dowsing Machine), Castelia City, Relic Castle, Mistralton Cave, Chargestone Cave, Chargestone Cave (With Dowsing Machine), Celestial Tower, Twist Mountain (With Dowsing Machine), Twist Mountain, Dragonspiral Tower, Moor of Icirrus (With Dowsing Machine), Anville Town, Victory Road (With Dowsing Machine), Giant Chasm
Shop
Route 9, Accumula Town, Striaton City, Nacrene City, Castelia City, Nimbasa City, Driftveil City, Mistralton City, Icirrus City, Opelucid City, Pokemon League, Lacunosa Town, Undella Town, Black City, White Forest
	Sacred Ash	It revives all fainted Pokémon. In doing so, it also fully restores their HP.	
	Soda Pop	A fizzy soda drink. It restores the HP of one Pokémon by 60 points.	Nacrene City (Wednesday Only), Castelia City
Shop
Route 4, Route 9, Route 9, Route 15, Route 16, Castelia City, Castelia City, Nimbasa City, Cold Storage, Twist Mountain, Opelucid City, Lacunosa Town, Village Bridge, Marvelous Bridge, Liberty Island
	Super Potion	A spray-type medicine for wounds. It restores the HP of one Pokémon by 50 points.	Route 2, Route 3 (From Cheren), Route 4, Pinwheel Forest, Pinwheel Forest, Pinwheel Forest (With Dowsing Machine), Desert Resort, Relic Castle (With Dowsing Machine)
Shop
Route 9, Accumula Town, Striaton City, Nacrene City, Castelia City, Nimbasa City, Driftveil City, Mistralton City, Icirrus City, Opelucid City, Pokemon League, Lacunosa Town, Undella Town, Black City, White Forest
	Sweet Heart	A very sugary chocolate. It restores one Pokemon's HP by 20.	
Battle Effect Items
In battle, you may wish to temporarily boost your Pokémon's stats. This can be done by using the below items, which each boost the Pokémon's stats while they are in battle. These items are all one-use only but you can find them in a variety of places.
Picture	Name	Effect	Location
	Dire Hit	An item that raises the critical-hit ratio of a Pokémon in battle. It wears off if the Pokémon is withdrawn.	Shop
Route 9
	Guard Spec.	An item that prevents stat reduction among the Trainer's party Pokémon for five turns after use.	Shop
Route 9
	X Accuracy	An item that raises the accuracy of a Pokémon in battle. It wears off if the Pokémon is withdrawn.	Route 4
Shop
Route 9
	X Attack	An item that raises the Attack stat of a Pokémon in battle. It wears off if the Pokémon is withdrawn.	Nimbasa City
Shop
Route 9
	X Defend	An item that raises the Defense stat of a Pokémon in battle. It wears off if the Pokémon is withdrawn.	Dreamyard
Shop
Route 9
	X Sp. Def	An item that raises the Sp. Def stat of a Pokémon in battle. It wears off if the Pokémon is withdrawn.	Shop
Route 9
	X Special	An item that raises the Sp. Atk stat of a Pokémon in battle. It wears off if the Pokémon is withdrawn.	Shop
Route 9
	X Speed	An item that raises the Speed stat of a Pokémon in battle. It wears off if the Pokémon is withdrawn.	Striaton City
Shop
Route 9
Hold Items
In the games, there are a variety of items that give your Pokémon added perks if they have these items attached. Each item has different effects, some affecting the Pokémon's status condition, some boosting stats and some powering up moves. Some of these items are gone if used in battle, while others will remain now matter how many battles the Pokémon is in.
Picture	Name	Effect	Location
	Absorb Bulb	A disposable bulb. If it is held, when the Pokemon receives a Water-type attack its Special Attack rises.	Shop
Gear Station
	Adamant Orb	A brightly gleaming orb to be held by DIALGA. It boosts the power of Dragon- and Steel-type moves.	Marvelous Bridge (Gift from Dark Trinity)
	Air Balloon	If held by a Pokémon it will float in the air. Will break if hit by an attack.	Shop
Gear Station
	Amulet Coin	An item to be held by a Pokémon. It doubles a battle's prize money if the holding Pokémon joins in.	Castelia City
	Big Root	A Pokémon held item that boosts the power of HP-stealing moves to let the holder recover more HP.	Pinwheel Forest
	Binding Band	A band that aids with moves that require applying pressure to the opponent. If held moves that apply pressure will have their Power increased.	Shop
Gear Station
	Black Belt	An item to be held by a Pokémon. It is a belt that boosts determination and Fighting-type moves.	Challenger's Cave
	Black Sludge	A held item that gradually restores the HP of Poison-type Pokémon. It inflicts damage on all other types.	
	BlackGlasses	An item to be held by a Pokémon. It is a shady-looking pair of glasses that boosts Dark-type moves.	Desert Resort
	Blue Scarf	An item to be held by a Pokémon. It boosts the “Beauty” aspect of the holder in a Contest in Sinnoh.	
	BrightPowder	An item to be held by a Pokémon. It casts a tricky glare that lowers the opponent's accuracy.	Chargestone Cave
Shop
Gear Station
	Bug Gem	A Bug-type jewel. It will strengthen the power of a Bug-type move one time if held.	Wellspring Cave Dirtclouds, Chargestone Cave Dirtclouds, Mistalton Cave Dirtclouds, Twist Mountain Dirtclouds, Challenger's Cave Dirtclouds, Victory Road Dirtclouds, Giant Chasm Dirtclouds
	Burn Drive	A Cassette that makes the move called Techno Buster become Fire-type if held by Genesect.	P2 Laboratory (Show Genesect)
	Cell Battery	A disposable rechargeable battery. If it is held, when the Pokemon receives an Electric-type attack its Attack rises.	Opelucid City
Shop
Gear Station
	Charcoal	An item to be held by a Pokémon. It is a combustible fuel that boosts the power of Fire-type moves.	Nacrene City (If you answer Tepig)
	Chill Drive	A Cassette that makes the move called Techno Buster become Ice-type if held by Genesect.	P2 Laboratory (Show Genesect)
	Choice Band	An item to be held by a Pokémon. This headband ups Attack, but allows the use of only one kind of move.	Shop
Gear Station
	Choice Scarf	An item to be held by a Pokémon. This scarf boosts Speed, but allows the use of only one kind of move.	Castelia City
Shop
Gear Station
	Choice Specs	An item to be held by a Pokémon. These distinctive glasses boost Sp. Atk, but allow only one kind of move to be used.	Shop
Gear Station
	Cleanse Tag	An item to be held by a Pokémon. It helps keep wild Pokémon away if the holder is the first one in the party.	Icirrus City
	Damp Rock	A Pokémon held item that extends the duration of the move Rain Dance used by the holder.	Route 8
	Dark Gem	A Dark-type jewel. It will strengthen the power of a Dark-type move one time if held.	Wellspring Cave Dirtclouds, Chargestone Cave Dirtclouds, Mistalton Cave Dirtclouds, Twist Mountain Dirtclouds, Challenger's Cave Dirtclouds, Victory Road Dirtclouds, Giant Chasm Dirtclouds
	DeepSeaScale	An item to be held by CLAMPERL. A scale that shines a faint pink, it raises the Sp. Def stat.	Route 13, Route 13
	DeepSeaTooth	An item to be held by CLAMPERL. A fang that gleams a sharp silver, it raises the Sp. Atk stat.	Route 13, Route 17
	Destiny Knot	A long, thin, bright red string to be held by a Pokémon. If the holder becomes infatuated, the foe does too.	Opelucid City
	Douse Drive	A Cassette that makes the move called Techno Buster become Water-type if held by Genesect.	P2 Laboratory (Show Genesect)
	Draco Plate	An item to be held by a Pokémon. It is a stone tablet that boosts the power of Dragon-type moves.	Route 13
	Dragon Fang	An item to be held by a Pokémon. It is a hard and sharp fang that ups the power of Dragon-type moves.	Dragonspiral Tower
	Dragon Gem	A Dragon-type jewel. It will strengthen the power of a Dragon-type move one time if held.	Wellspring Cave Dirtclouds, Chargestone Cave Dirtclouds, Mistalton Cave Dirtclouds, Twist Mountain Dirtclouds, Challenger's Cave Dirtclouds, Victory Road Dirtclouds, Giant Chasm Dirtclouds
	Dread Plate	An item to be held by a Pokémon. It is a stone tablet that boosts the power of Dark-type moves.	Undersea Ruins
	Dubious Disc	A transparent device overflowing with dubious data. Its producer is unknown.	Route 13, P2 Laboratory
	Earth Plate	An item to be held by a Pokémon. It is a stone tablet that boosts the power of Ground-type moves.	Undersea Ruins
	Eject Button	If it is held, when you are hit by an attack the Pokemon can escape the battle-field and switch places with a team member.	Shop
Gear Station
	Electirizer	A box packed with a tremendous amount of electric energy. It is loved by a certain Pokémon.	Route 13, Route 13
	Electric Gem	An Electric-type jewel. It will strengthen the power of an Electric-type move one time if held.	Wellspring Cave Dirtclouds, Chargestone Cave Dirtclouds, Mistalton Cave Dirtclouds, Twist Mountain Dirtclouds, Challenger's Cave Dirtclouds, Victory Road Dirtclouds, Giant Chasm Dirtclouds
	Everstone	An item to be held by a Pokémon. The Pokémon holding this peculiar stone is prevented from evolving.	Castelia City
	Eviolite	A piece of Evolutions wonder. If held, a pre-evolved Pokemon's Defence and Special Defence increase.	Castelia City
	Exp. Share	An item to be held by a Pokémon. The holder gets a share of a battle's Exp. Points without battling.	Castelia City, Icirrus City
	Expert Belt	An item to be held by a Pokémon. It is a well-worn belt that slightly boosts the power of supereffective moves.	Driftveil City (Show Lv. 30 Pokémon in Market)
	Fighting Gem	A Fighting-type jewel. It will strengthen the power of a Fighting-type move one time if held.	Wellspring Cave Dirtclouds, Chargestone Cave Dirtclouds, Mistalton Cave Dirtclouds, Twist Mountain Dirtclouds, Challenger's Cave Dirtclouds, Victory Road Dirtclouds, Giant Chasm Dirtclouds
	Fire Gem	A Fire-type jewel. It will strengthen the power of a Fire-type move one time if held.	Wellspring Cave Dirtclouds, Chargestone Cave Dirtclouds, Mistalton Cave Dirtclouds, Twist Mountain Dirtclouds, Challenger's Cave Dirtclouds, Victory Road Dirtclouds, Giant Chasm Dirtclouds
	Fist Plate	An item to be held by a Pokémon. It is a stone tablet that boosts the power of Fighting-type moves.	Undersea Ruins
	Flame Orb	An item to be held by a Pokémon. It is a bizarre orb that inflicts a burn on the holder in battle.	Shop
Gear Station
	Flame Plate	An item to be held by a Pokémon. It is a stone tablet that boosts the power of Fire-type moves.	Undersea Ruins
	Float Stone	A very light stone. If held a Pokemon's weight becomes lighter.	Opelucid City
	Flying Gem	A Flying-type jewel. It will strengthen the power of a Flying-type move one time if held.	Wellspring Cave Dirtclouds, Chargestone Cave Dirtclouds, Mistalton Cave Dirtclouds, Twist Mountain Dirtclouds, Challenger's Cave Dirtclouds, Victory Road Dirtclouds, Giant Chasm Dirtclouds
	Focus Band	An item to be held by a Pokémon. The holder may endure a potential KO attack, leaving it with just 1 HP.	Shop
Gear Station
	Focus Sash	An item to be held by a Pokémon. If it has full HP, the holder will endure one potential KO attack, leaving 1 HP.	Shop
Gear Station
	Full Incense	An item to be held by a Pokémon. It is an exotic-smelling incense that makes the holder bloated and slow moving.	Shop
Driftveil City
	Ghost Gem	A Ghost-type jewel. It will strengthen the power of a Ghost-type move one time if held.	Wellspring Cave Dirtclouds, Chargestone Cave Dirtclouds, Mistalton Cave Dirtclouds, Twist Mountain Dirtclouds, Challenger's Cave Dirtclouds, Victory Road Dirtclouds, Giant Chasm Dirtclouds
	Grass Gem	A Grass-type jewel. It will strengthen the power of a Grass-type move one time if held.	Wellspring Cave Dirtclouds, Chargestone Cave Dirtclouds, Mistalton Cave Dirtclouds, Twist Mountain Dirtclouds, Challenger's Cave Dirtclouds, Victory Road Dirtclouds, Giant Chasm Dirtclouds
	Green Scarf	An item to be held by a Pokémon. It boosts the “Smart” aspect of the holder in a Contest in Sinnoh.	
	Grip Claw	A Pokémon held item that extends the duration of multiturn attacks like Bind and Wrap.	
	Griseous Orb	A glowing orb to be held by GIRATINA. It boosts the power of Dragon- and Ghost-type moves.	Marvelous Bridge (Gift from Dark Trinity)
	Ground Gem	A Ground-type jewel. It will strengthen the power of a Ground-type move one time if held.	Wellspring Cave Dirtclouds, Chargestone Cave Dirtclouds, Mistalton Cave Dirtclouds, Twist Mountain Dirtclouds, Challenger's Cave Dirtclouds, Victory Road Dirtclouds, Giant Chasm Dirtclouds
	Hard Stone	An item to be held by a Pokémon. It is an unbreakable stone that ups the power of Rock-type moves.	Mistralton Cave
	Heat Rock	A Pokémon held item that extends the duration of the move Sunny Day used by the holder.	Route 8
	Ice Gem	An Ice-type jewel. It will strengthen the power of an Ice-type move one time if held.	Wellspring Cave Dirtclouds, Chargestone Cave Dirtclouds, Mistalton Cave Dirtclouds, Twist Mountain Dirtclouds, Challenger's Cave Dirtclouds, Victory Road Dirtclouds, Giant Chasm Dirtclouds
	Icicle Plate	An item to be held by a Pokémon. It is a stone tablet that boosts the power of Ice-type moves.	Undersea Ruins
	Icy Rock	A Pokémon held item that extends the duration of the move Hail used by the holder.	Route 8
	Insect Plate	An item to be held by a Pokémon. It is a stone tablet that boosts the power of Bug-type moves.	Undersea Ruins
	Iron Ball	A Pokémon held item that cuts Speed. It makes Flying-type and levitating holders susceptible to Ground moves.	Shop
Gear Station
	Iron Plate	An item to be held by a Pokémon. It is a stone tablet that boosts the power of Steel-type moves.	Undersea Ruins
	King's Rock	An item to be held by a Pokémon. It may cause the foe to flinch when the holder inflicts damage.	Route 13
	Lagging Tail	An item to be held by a Pokémon. It is tremendously heavy and makes the holder move slower than usual.	
	Lax Incense	An item to be held by a Pokémon. The tricky aroma of this incense lowers the foe's accuracy.	Shop
Driftveil City
	Leftovers	An item to be held by a Pokémon. The holder's HP is gradually restored during battle.	Village Bridge (With Dowsing Machine)
	Life Orb	An item to be held by a Pokémon. It boosts the power of moves, but at the cost of some HP on each hit.	Shop
Gear Station
	Light Ball	An item to be held by PIKACHU. It is a puzzling orb that raises the Attack and Sp. Atk stat.	
	Light Clay	A Pokémon held item that extends the duration of barrier moves like Light Screen and Reflect used by the holder.	
	Luck Incense	An item to be held by a Pokémon. It doubles a battle's prize money if the holding Pokémon joins in.	Shop
Driftveil City
	Lucky Egg	An item to be held by a Pokémon. It is an egg filled with happiness that earns extra Exp. Points in battle.	Route 13, Chargestone Cave (From Professor Juniper)
	Lucky Punch	An item to be held by CHANSEY. It is a pair of gloves that boosts CHANSEY's critical-hit ratio.	Route 13
	Lustrous Orb	A beautifully glowing orb to be held by PALKIA. It boosts the power of Dragon- and Water-type moves.	Marvelous Bridge (Gift from Dark Trinity)
	Macho Brace	An item to be held by a Pokémon. It is a stiff and heavy brace that promotes strong growth but lowers Speed.	Nimbasa City
	Magmarizer	A box packed with a tremendous amount of magma energy. It is loved by a certain Pokémon.	Route 13
	Magnet	An item to be held by a Pokémon. It is a powerful magnet that boosts the power of Electric-type moves.	Chargestone Cave
	Meadow Plate	An item to be held by a Pokémon. It is a stone tablet that boosts the power of Grass-type moves.	Undersea Ruins
	Mental Herb	An item to be held by a Pokémon. It snaps the holder out of infatuation. It can be used only once.	
	Metal Coat	An item to be held by a Pokémon. It is a special metallic film that ups the power of Steel-type moves.	Route 13
	Metal Powder	An item to be held by DITTO. Extremely fine yet hard, this odd powder boosts the Defense stat.	Route 13
	Metronome	A Pokémon held item that boosts a move used consecutively. Its effect is reset if another move is used.	
	Mind Plate	An item to be held by a Pokémon. It is a stone tablet that boosts the power of Psychic-type moves.	Undersea Ruins
	Miracle Seed	An item to be held by a Pokémon. It is a seed imbued with life that ups the power of Grass-type moves.	Nacrene City (If you answer Snivy), Pinwheel Forest
	Muscle Band	An item to be held by a Pokémon. It is a headband that slightly boosts the power of physical moves.	Shop
Gear Station
	Mystic Water	An item to be held by a Pokémon. It is a teardrop-shaped gem that ups the power of Water-type moves.	Wellspring Cave, Nacrene City (If you answer Oshawott)
	NeverMeltIce	An item to be held by a Pokémon. It is a piece of ice that repels heat and boosts Ice-type moves.	Cold Storage
	Normal Gem	A Normal-type jewel. It will strengthen the power of a Normal-type move one time if held.	Wellspring Cave Dirtclouds, Chargestone Cave Dirtclouds, Mistalton Cave Dirtclouds, Twist Mountain Dirtclouds, Challenger's Cave Dirtclouds, Victory Road Dirtclouds, Giant Chasm Dirtclouds
	Odd Incense	An item to be held by a Pokémon. It is an exotic-smelling incense that boosts the power of Psychic-type moves.	Shop
Driftveil City
	Pink Scarf	An item to be held by a Pokémon. It boosts the “Cute” aspect of the holder in a Contest in Sinnoh.	
	Poison Barb	An item to be held by a Pokémon. It is a small, poisonous barb that ups the power of Poison-type moves.	Route 8
	Poison Gem	A Poison-type jewel. It will strengthen the power of a Poison-type move one time if held.	Wellspring Cave Dirtclouds, Chargestone Cave Dirtclouds, Mistalton Cave Dirtclouds, Twist Mountain Dirtclouds, Challenger's Cave Dirtclouds, Victory Road Dirtclouds, Giant Chasm Dirtclouds
	Power Anklet	A Pokémon held item that promotes Speed gain on leveling, but reduces the Speed stat.	Shop
Gear Station
	Power Band	A Pokémon held item that promotes Sp. Def gain on leveling, but reduces the Speed stat.	Shop
Gear Station
	Power Belt	A Pokémon held item that promotes Defense gain on leveling, but reduces the Speed stat.	Shop
Gear Station
	Power Bracer	A Pokémon held item that promotes Attack gain on leveling, but reduces the Speed stat.	Shop
Gear Station
	Power Herb	A single-use item to be held by a Pokémon. It allows the immediate use of a move that charges on the first turn.	Shop
Gear Station
	Power Lens	A Pokémon held item that promotes Sp. Atk gain on leveling, but reduces the Speed stat.	Shop
Gear Station
	Power Weight	A Pokémon held item that promotes HP gain on leveling, but reduces the Speed stat.	Shop
Gear Station
	Protector	A protective item of some sort. It is extremely stiff and heavy. It is loved by a certain Pokémon.	Route 11, Route 13
	Psychic Gem	A Psychic-type jewel. It will strengthen the power of a Pcyhcic-type move one time if held.	Wellspring Cave Dirtclouds, Chargestone Cave Dirtclouds, Mistalton Cave Dirtclouds, Twist Mountain Dirtclouds, Challenger's Cave Dirtclouds, Victory Road Dirtclouds, Giant Chasm Dirtclouds
	Pure Incense	An item to be held by a Pokémon. It helps keep wild Pokémon away if the holder is the first one in the party.	Shop
Driftveil City
	Quick Claw	An item to be held by a Pokémon. A light, sharp claw that lets the bearer move first occasionally.	Skyarrow Bridge
	Quick Powder	An item to be held by DITTO. Extremely fine yet hard, this odd powder boosts the Speed stat.	
	Razor Claw	An item to be held by a Pokémon. It is a sharply hooked claw that ups the holder's critical-hit ratio.	Route 13, Route 13
Shop
Gear Station
	Razor Fang	An item to be held by a Pokémon. It may cause the foe to flinch when the holder inflicts damage.	Route 13, Abundant Shrine
Shop
Gear Station
	Reaper Cloth	A cloth imbued with horrifyingly strong spiritual energy. It is loved by a certain Pokémon.	Route 13, Route 14
	Red Card	A card with a mysterious power. If held you can cause an opponent who's hit you with a move to exit the field.	Shop
Gear Station
	Red Scarf	An item to be held by a Pokémon. It boosts the “Cool” aspect of the holder in a Contest in Sinnoh.	
	Ring Target	If a move failed because of the opposing Pokémon's Type, this Bull's Eye will make the move hit.	Opelucid City
	Rock Gem	A Rock-type jewel. It will strengthen the power of a Rock-type move one time if held.	Wellspring Cave Dirtclouds, Chargestone Cave Dirtclouds, Mistalton Cave Dirtclouds, Twist Mountain Dirtclouds, Challenger's Cave Dirtclouds, Victory Road Dirtclouds, Giant Chasm Dirtclouds
	Rock Incense	An item to be held by a Pokémon. It is an exotic-smelling incense that boosts the power of Rock-type moves.	Shop
Driftveil City
	Rocky Helmet	If held by a Pokemon it will give the opponent damage if hit with an attacl.	Cold Storage
	Rose Incense	An item to be held by a Pokémon. It is an exotic-smelling incense that boosts the power of Grass-type moves.	Shop
Driftveil City
	Scope Lens	An item to be held by a Pokémon. It is a lens that boosts the holder's critical-hit ratio.	Castelia City
Shop
Gear Station
	Sea Incense	An item to be held by a Pokémon. It is incense with a curious aroma that boosts the power of Water-type moves.	Shop
Driftveil City
	Sharp Beak	An item to be held by a Pokémon. It is a long, sharp beak that boosts the power of Flying-type moves.	Mistralton City
	Shed Shell	A tough, discarded carapace to be held by a Pokémon. It enables the holder to switch with a waiting Pokémon in battle.	
	Shell Bell	An item to be held by a Pokémon. The holder's HP is restored a little every time it inflicts damage.	Driftveil City
	Shock Drive	A Cassette that makes the move called Techno Buster become Electric-type if held by Genesect.	P2 Laboratory (Show Genesect)
	Silk Scarf	An item to be held by a Pokémon. It is a sumptuous scarf that boosts the power of Normal-type moves.	Route 6
	SilverPowder	An item to be held by a Pokémon. It is a shiny, silver powder that ups the power of Bug-type moves.	Pinwheel Forest
	Sky Plate	An item to be held by a Pokémon. It is a stone tablet that boosts the power of Flying-type moves.	Undersea Ruins
	Smoke Ball	An item to be held by a Pokémon. It enables the holder to flee from any wild Pokémon without fail.	Castelia City
	Smooth Rock	A Pokémon held item that extends the duration of the move Sandstorm used by the holder.	Route 8
	Soft Sand	An item to be held by a Pokémon. It is a loose, silky sand that boosts the power of Ground-type moves.	Desert Resort
	Soothe Bell	An item to be held by a Pokémon. It is a bell with a comforting chime that calms the holder and makes it friendly.	Nimbasa City
	Soul Dew	A wondrous orb to be held by LATIOS or LATIAS. It raises both the Sp. Atk and Sp. Def stats.	
	Spell Tag	An item to be held by a Pokémon. It is a sinister, eerie tag that boosts the power of Ghost-type moves.	Celestial Tower
	Splash Plate	An item to be held by a Pokémon. It is a stone tablet that boosts the power of Water-type moves.	Route 13
	Spooky Plate	An item to be held by a Pokémon. It is a stone tablet that boosts the power of Ghost-type moves.	Undersea Ruins
	Steel Gem	A Poison-type jewel. It will strengthen the power of a Steel-type move one time if held.	Wellspring Cave Dirtclouds, Chargestone Cave Dirtclouds, Mistalton Cave Dirtclouds, Twist Mountain Dirtclouds, Challenger's Cave Dirtclouds, Victory Road Dirtclouds, Giant Chasm Dirtclouds
	Stick	An item to be held by FARFETCH'D. It is a very long and stiff stalk of leek that boosts the critical-hit ratio.	Route 13
	Sticky Barb	A held item that damages the holder on every turn. It may latch on to foes that touch the holder.	
	Stone Plate	An item to be held by a Pokémon. It is a stone tablet that boosts the power of Rock-type moves.	Undersea Ruins
	Thick Club	An item to be held by CUBONE or MAROWAK. It is a hard bone of some sort that boosts the Attack stat.	Route 13
	Toxic Orb	An item to be held by a Pokémon. It is a bizarre orb that badly poisons the holder in battle.	Shop
Gear Station
	Toxic Plate	An item to be held by a Pokémon. It is a stone tablet that boosts the power of Poison-type moves.	Undersea Ruins
	TwistedSpoon	An item to be held by a Pokémon. It is a spoon imbued with telekinetic power that boosts Psychic-type moves.	Dreamyard
	Water Gem	A Water-type jewel. It will strengthen the power of a Water-type move one time if held.	Wellspring Cave Dirtclouds, Chargestone Cave Dirtclouds, Mistalton Cave Dirtclouds, Twist Mountain Dirtclouds, Challenger's Cave Dirtclouds, Victory Road Dirtclouds, Giant Chasm Dirtclouds
	Wave Incense	An item to be held by a Pokémon. It is an exotic-smelling incense that boosts the power of Water-type moves.	Shop
Driftveil City
	White Herb	An item to be held by a Pokémon. It restores any lowered stat in battle. It can be used only once.	Shop
Gear Station
	Wide Lens	An item to be held by a Pokémon. It is a magnifying lens that slightly boosts the accuracy of moves.	Castelia City
Shop
Gear Station
	Wise Glasses	An item to be held by a Pokémon. It is a thick pair of glasses that slightly boosts the power of special moves.	Shop
Gear Station
	Yellow Scarf	An item to be held by a Pokémon. It boosts the “Tough” aspect of the holder in a Contest in Sinnoh.	
	Zap Plate	An item to be held by a Pokémon. It is a stone tablet that boosts the power of Electric-type moves.	Undersea Ruins
	Zoom Lens	An item to be held by a Pokémon. If the holder moves after the foe, its accuracy will be boosted.	Castelia City
Shop
Gear Station
Evolutionary Items
Some Pokémon evolve by Levelling up, some at specific levels, some if they're happy. Others however evolve when they are holding or subjected to a special item. These items are all dotted around the various regions and are necessary in order to evolve specific Pokémon. These items are all 1 use per item.
Picture	Name	Effect	Location
	Dawn Stone	A peculiar stone that makes certain species of Pokémon evolve. It sparkles like eyes.	Route 10, Wellspring Cave (Dustcloud), Chargestone Cave (Dustcloud), Mistralton Cave (Dustcloud), Twist Mountain (Dustcloud), Challenger's Cave (Dustcloud), Victory Road (Dustcloud), Giant Chasm (Dustcloud)
Shop
Black City
	DeepSeaScale	An item to be held by CLAMPERL. A scale that shines a faint pink, it raises the Sp. Def stat.	Route 13, Route 13
	DeepSeaTooth	An item to be held by CLAMPERL. A fang that gleams a sharp silver, it raises the Sp. Atk stat.	Route 13, Route 17
	Dragon Scale	A thick and tough scale. Dragon-type Pokémon may be holding this item when caught.	Route 13, Route 18
	Dubious Disc	A transparent device overflowing with dubious data. Its producer is unknown.	Route 13, P2 Laboratory
	Dusk Stone	A peculiar stone that makes certain species of Pokémon evolve. It is as dark as dark can be.	Route 10, Mistralton Cave, Wellspring Cave (Dustcloud), Chargestone Cave (Dustcloud), Mistralton Cave (Dustcloud), Twist Mountain (Dustcloud), Challenger's Cave (Dustcloud), Victory Road (Dustcloud), Giant Chasm (Dustcloud)
Shop
Black City
	Electirizer	A box packed with a tremendous amount of electric energy. It is loved by a certain Pokémon.	Route 13, Route 13
	Fire Stone	A peculiar stone that makes certain species of Pokémon evolve. It is colored orange.	Castelia City (Answer Pansear), Desert Resort, Wellspring Cave (Dustcloud), Chargestone Cave (Dustcloud), Mistralton Cave (Dustcloud), Twist Mountain (Dustcloud), Challenger's Cave (Dustcloud), Victory Road (Dustcloud), Giant Chasm (Dustcloud)
Shop
Black City
	King's Rock	An item to be held by a Pokémon. It may cause the foe to flinch when the holder inflicts damage.	Route 13
	Leaf Stone	A peculiar stone that makes certain species of Pokémon evolve. It has a leaf pattern.	Route 6 (Show all forms of Deerling in Season Institute), Castelia City (Answer Pansage), Wellspring Cave (Dustcloud), Chargestone Cave (Dustcloud), Mistralton Cave (Dustcloud), Twist Mountain (Dustcloud), Challenger's Cave (Dustcloud), Victory Road (Dustcloud), Giant Chasm (Dustcloud)
Shop
Black City
	Magmarizer	A box packed with a tremendous amount of magma energy. It is loved by a certain Pokémon.	Route 13
	Metal Coat	An item to be held by a Pokémon. It is a special metallic film that ups the power of Steel-type moves.	Route 13
	Moon Stone	A peculiar stone that makes certain species of Pokémon evolve. It is as black as the night sky.	Pinwheel Forest (From Lenora), Twist Mountain, Wellspring Cave (Dustcloud), Chargestone Cave (Dustcloud), Mistralton Cave (Dustcloud), Twist Mountain (Dustcloud), Challenger's Cave (Dustcloud), Victory Road (Dustcloud), Giant Chasm (Dustcloud)
Shop
Black City
	Oval Stone	A peculiar stone that makes certain species of Pokémon evolve. It is shaped like an egg.	Challenger's Cave
Shop
Black City
	Prism Scale	A beautiful scale that will cause a certain Pokemon to evolve. It shines in all the colours of the rainbow.	Route 13, Undella Town
	Protector	A protective item of some sort. It is extremely stiff and heavy. It is loved by a certain Pokémon.	Route 11, Route 13
	Razor Claw	An item to be held by a Pokémon. It is a sharply hooked claw that ups the holder's critical-hit ratio.	Route 13, Route 13
Shop
Gear Station
	Razor Fang	An item to be held by a Pokémon. It may cause the foe to flinch when the holder inflicts damage.	Route 13, Abundant Shrine
Shop
Gear Station
	Reaper Cloth	A cloth imbued with horrifyingly strong spiritual energy. It is loved by a certain Pokémon.	Route 13, Route 14
	Shiny Stone	A peculiar stone that makes certain species of Pokémon evolve. It shines with a dazzling light.	Route 6, Dragonspiral Tower, Wellspring Cave (Dustcloud), Chargestone Cave (Dustcloud), Mistralton Cave (Dustcloud), Twist Mountain (Dustcloud), Challenger's Cave (Dustcloud), Victory Road (Dustcloud), Giant Chasm (Dustcloud)
Shop
Black City
	Sun Stone	A peculiar stone that makes certain species of Pokémon evolve. It is as red as the sun.	Relic Castle, Nimbasa City
Shop
Black City
	Thunderstone	A peculiar stone that makes certain species of Pokémon evolve. It has a thunderbolt pattern.	Route 9, Chargestone Cave, Wellspring Cave (Dustcloud), Chargestone Cave (Dustcloud), Mistralton Cave (Dustcloud), Twist Mountain (Dustcloud), Challenger's Cave (Dustcloud), Victory Road (Dustcloud), Giant Chasm (Dustcloud)
Shop
Black City
	Up-Grade	A transparent device filled with all sorts of data. It was produced by Silph Co.	Route 13, Route 15
	Water Stone	A peculiar stone that makes certain species of Pokémon evolve. It is a clear, light blue.	Castelia City (Answer Panpour), Driftveil City, Wellspring Cave (Dustcloud), Chargestone Cave (Dustcloud), Mistralton Cave (Dustcloud), Twist Mountain (Dustcloud), Challenger's Cave (Dustcloud), Victory Road (Dustcloud), Giant Chasm (Dustcloud)
Shop
Black City
Vitamins
If you are trying to train your Pokémon's Effort Values, Vitamins are a handy tool to utilise. Most vitamins add 10 Effort Values into a particular stat. There is a limit to how much you can do this, with the recent limit being that the Vitamins only add to the first 100 Effort Values in the stat. All vitamins are one-use only and they all slightly boost the Pokémon's happiness.
Picture	Name	Effect	Location
	Calcium	A nutritious drink for Pokémon. It raises the base Sp. Atk (Special Attack) stat of a single Pokémon.	Route 18 (With Dowsing Machine), Victory Road, Village Bridge
Shop
Route 9, Gear Station
	Carbos	A nutritious drink for Pokémon. It raises the base Speed stat of a single Pokémon.	Mistralton Cave (With Dowsing Machine), Moor of Icirrus, Victory Road (With Dowsing Machine), Giant Chasm
Shop
Route 9, Gear Station
	Clever Wing	An item used by Pokémon. It raises the Special Defence EVs of one Pokemon a little.	Driftveil Drawbridge, Marvelous Bridge
	Genius Wing	An item used by Pokémon. It raises the Special Attack EVs of one Pokemon a little.	Driftveil Drawbridge, Marvelous Bridge
	HP Up	A nutritious drink for Pokémon. It raises the base HP of a single Pokémon.	Route 3, Route 9, Chargestone Cave (With Dowsing Machine)
Shop
Route 9, Gear Station
	Health Wing	An item used by Pokémon. It raises the HP EVs of one Pokemon a little.	Driftveil Drawbridge, Marvelous Bridge
	Iron	A nutritious drink for Pokémon. It raises the base Defense stat of a single Pokémon.	Mistralton Cave, Chargestone Cave, Twist Mountain (With Dowsing Machine)
Shop
Route 9, Gear Station
	Muscle Wing	An item used by Pokémon. It raises the Attack EVs of one Pokemon a little.	Driftveil Drawbridge, Marvelous Bridge
	PP Max	It maximally raises the top PP of a selected move that has been learned by the target Pokémon.	Castelia City, Relic Castle (With Dowsing Machine), Nimbasa City, Nimbasa City
	PP Up	It slightly raises the maximum PP of a selected move that has been learned by the target Pokémon.	Route 7, Route 9, Wellspring Cave (With Dowsing Machine), Relic Castle, Nimbasa City, Cold Storage, Mistralton Cave (With Dowsing Machine), Twist Mountain, Anville Town, Challenger's Cave
	Protein	A nutritious drink for Pokémon. It raises the base Attack stat of a single Pokémon.	Cold Storage, Twist Mountain (With Dowsing Machine), Challenger's Cave, Lostlorn Forest (With Dowsing Machine)
Shop
Route 9, Gear Station
	Rare Candy	A candy that is packed with energy. It raises the level of a single Pokémon by one.	Route 2, Route 3 (With Dowsing Machine), Route 13, Route 16, Pinwheel Forest (With Dowsing Machine), Desert Resort (With Dowsing Machine), Nimbasa City, Mistralton Cave, Chargestone Cave, Twist Mountain (With Dowsing Machine), Icirrus City (Winter Only), Anville Town, Victory Road, Abundant Shrine, Lostlorn Forest, N's Castle
Shop
Gear Station
	Resist Wing	An item used by Pokémon. It raises the Defence EVs of one Pokemon a little.	Driftveil Drawbridge, Marvelous Bridge
	Swift Wing	An item used by Pokémon. It raises the Speed EVs of one Pokemon a little.	Driftveil Drawbridge, Marvelous Bridge
	Zinc	A nutritious drink for Pokémon. It raises the base Sp. Def (Special Defense) stat of a single Pokémon.	Route 5, Striaton City (With Dowsing Machine)
Shop
Route 9, Gear Station
Miscellaneous Items
The items listed here are the various items that are of a single or no use in game. These include items you can only use outside or battle, items you can only sell and so forth. Some of these items are one use only, while others can be used unlimited times.
Picture	Name	Effect	Location
	BalmMushroom	A rare mushroom that will spread a nice scent around the whole area. Enthusiasts with buy them for high prices.	Striaton City (With Dowsing Machine), Abundant Shrine
	Big Mushroom	A large and rare mushroom. It is very popular among certain maniacal fan segments.	Route 1, Route 6 (With Dowsing Machine), Route 12 (With Dowsing Machine), Icirrus City (With Dowsing Machine) (Winter Only), Moor of Icirrus (With Dowsing Machine), Giant Chasm (With Dowsing Machine), Abundant Shrine (With Dowsing Machine), Lostlorn Forest
Shop
Black City
	Big Nugget	A large orb of pure gold that shines with a golden colour. Enthusiast will buy them for high prices.	Undella Town
	Big Pearl	A quite-large pearl that sparkles in a pretty silver color. It can be sold at a high price to shops.	Route 13, Route 18 (With Dowsing Machine), Route 18 (With Dowsing Machine), Striaton City, Driftveil City
Shop
Black City
	Black Flute	A black flute made from blown glass. Its melody makes wild Pokémon less likely to appear.	Route 13
	Blue Flute	A blue flute made from blown glass. Its melody awakens a single Pokémon from sleep.	Route 13
	Blue Shard	A small blue shard. It appears to be from some sort of implement made long ago.	Shop
Black City
	Comet Shard	A piece of a comet that fell to the Earth when a comet came too close. Enthusiasts will buy them for high prices.	Giant Chasm
	Escape Rope	A long, durable rope. Use it to escape instantly from a cave or a dungeon.	Wellspring Cave
Shop
Route 9, Accumula Town, Striaton City, Nacrene City, Castelia City, Nimbasa City, Driftveil City, Mistralton City, Icirrus City, Opelucid City, Pokemon League, Lacunosa Town, Undella Town, Black City, White Forest
	Fluffy Tail	An item that attracts Pokémon. Use it to flee from any battle with a wild Pokémon.	Shop
Black City
	Green Shard	A small green shard. It appears to be from some sort of implement made long ago.	Shop
Black City
	Heart Scale	A pretty, heart-shaped scale that is extremely rare. It glows faintly in the colors of the rainbow.	Route 13, Route 13, Route 17 (With Dowsing Machine), Route 17 (With Dowsing Machine), Route 18, Route 18 (With Dowsing Machine), Desert Resort, Driftveil City, Cold Storage, Dragonspiral Tower (With Dowsing Machine), Undella Bay (With Dowsing Machine)
Shop
Black City
	Honey	A sweet honey with a lush aroma that attracts wild Pokémon when it is used in grass, caves, or on special trees.	
	Max Repel	An item that prevents weak wild Pokémon from appearing for 250 steps after its use.	Nimbasa City, Mistralton Cave, Opelucid City (With Dowsing Machine), Lacunosa Town (With Dowsing Machine)
Shop
Route 9, Accumula Town, Striaton City, Nacrene City, Castelia City, Nimbasa City, Driftveil City, Mistralton City, Icirrus City, Opelucid City, Pokemon League, Lacunosa Town, Undella Town, Black City, White Forest
	Nugget	A nugget of pure gold that gives off a lustrous gleam. It can be sold at a high price to shops.	Nimbasa City, Chargestone Cave, Twist Mountain, Dragonspiral Tower (Winter Only), Moor of Icirrus (With Dowsing Machine), Challenger's Cave, Victory Road
Shop
Black City
	Pass Orb	A mysterious ball that encloses the power of Isshu and that you use when you use the Deru Power.	
	Pearl	A somewhat-small pearl that sparkles in a pretty silver color. It can be sold cheaply to shops.	Route 1, Route 4 (With Dowsing Machine), Route 13, Route 18 (With Dowsing Machine), Undella Bay (With Dowsing Machine)
Shop
Black City
	Pearl String	A large peral that shines with a beautiful silver colour. Enthusiasts will buy them for high prices.	Route 13 (With Dowsing Machine)
	Poké Doll	A doll that attracts Pokémon. Use it to flee from any battle with a wild Pokémon.	Shop
Black City
	Poké Toy	An item that is used to catch a Pokemon's attention. You can escape from a wild Pokemon battle using it.	Shop
Route 9
	Pretty Wing	A very ordinary Wing that is just beautiful without effect.	Driftveil Drawbridge, Marvelous Bridge
	Rare Bone	A bone that is extremely valuable for Pokémon archaeology. It can be sold for a high price to shops.	Shop
Black City
	Red Flute	A red flute made from blown glass. Its melody snaps a single Pokémon out of infatuation.	Route 13
	Red Shard	A small red shard. It appears to be from some sort of implement made long ago.	Shop
Black City
	Relic Band	A bracelet that was made by an ancient civilization some 3000 years ago. Enthusiasts will buy them for high prices.	Undersea Ruins, Undersea Ruins
	Relic Copper	A bronze coin that was used by an ancient civilization some 3000 years ago. Enthusiasts will buy them for high prices.	Undersea Ruins, Undersea Ruins
	Relic Crown	A crown that was made by an ancient civilization some 3000 years ago. Enthusiasts will buy them for high prices.	Undersea Ruins
	Relic Gold	A gold coin that was used by an ancient civilization some 3000 years ago. Enthusiasts will buy them for high prices.	Undersea Ruins, Undersea Ruins
	Relic Silver	A silver coin that was used by an ancient civilization some 3000 years ago. Enthusiasts will buy them for high prices.	Undersea Ruins, Undersea Ruins
	Relic Statue	A statue that was made by an ancient civilization some 3000 years ago. Enthusiasts will buy them for high prices.	Undersea Ruins, Undersea Ruins
	Relic Vase	A vase that was made by an ancient civilization some 3000 years ago. Enthusiasts will buy them for high prices.	Undersea Ruins
	Repel	An item that prevents weak wild Pokémon from appearing for 100 steps after its use.	Route 3, Dreamyard, Mistralton City (With Dowsing Machine)
Shop
Route 9, Accumula Town, Striaton City, Nacrene City, Castelia City, Nimbasa City, Driftveil City, Mistralton City, Icirrus City, Opelucid City, Pokemon League, Lacunosa Town, Undella Town, Black City, Black City, White Forest
	Shoal Salt	Pure salt that was discovered deep inside the Shoal Cave. It is extremely salty.	Route 13
	Shoal Shell	A pretty seashell that was found deep inside the Shoal Cave. It is striped in blue and white.	Route 13
	Star Piece	A shard of a pretty gem that sparkles in a red color. It can be sold at a high price to shops.	Pinwheel Forest (Daily), Chargestone Cave (With Dowsing Machine), Dragonspiral Tower, Giant Chasm, Giant Chasm
Shop
Black City
	Stardust	Lovely, red-colored sand with a loose, silky feel. It can be sold at a high price to shops.	Route 13, Route 13, Desert Resort, Desert Resort (With Dowsing Machine), Twist Mountain (With Dowsing Machine), Twist Mountain (With Dowsing Machine), Twist Mountain (With Dowsing Machine), Dragonspiral Tower, Dragonspiral Tower, Undella Bay (With Dowsing Machine)
Shop
Black City
	Super Repel	An item that prevents weak wild Pokémon from appearing for 200 steps after its use.	Shop
Route 9, Accumula Town, Striaton City, Nacrene City, Castelia City, Nimbasa City, Driftveil City, Mistralton City, Icirrus City, Opelucid City, Pokemon League, Lacunosa Town, Undella Town, Black City, White Forest
	TinyMushroom	A small and rare mushroom. It is quite popular among certain maniacal fan segments.	Route 6 (With Dowsing Machine), Route 6 (With Dowsing Machine), Route 12 (With Dowsing Machine), Route 12 (With Dowsing Machine), Route 12 (With Dowsing Machine), Pinwheel Forest (With Dowsing Machine), Pinwheel Forest (With Dowsing Machine), Icirrus City (With Dowsing Machine) (Winter Only), Icirrus City (With Dowsing Machine) (Winter Only), Giant Chasm (With Dowsing Machine), Giant Chasm (With Dowsing Machine), Abundant Shrine (With Dowsing Machine), Abundant Shrine (With Dowsing Machine), Abundant Shrine (With Dowsing Machine)
Shop
Black City
	White Flute	A white flute made from blown glass. Its melody makes wild Pokémon more likely to appear.	Route 13
	Yellow Flute	A yellow flute made from blown glass. Its melody snaps a single Pokémon out of confusion.	Route 13
	Yellow Shard	A small yellow shard. It appears to be from some sort of implement made long ago.	Shop
Black City
PokéBalls
PokéBalls are one of the most vital items that a Pokémon trainer can have. These items are used to capture the Pokémon. Each PokéBall has a different special effect that can help make capturing more likely or even give special bonuses to any Pokémon caught within that particular ball.
Picture	Name	Effect	Location
	Cherish Ball	A quite rare Poké Ball that has been specially crafted to commemorate an occasion of some sort.	
	Dive Ball	A somewhat different Poké Ball that works especially well on Pokémon that live in the sea.	Wellspring Cave, Cold Storage (With Dowsing Machine), Village Bridge
Shop
Undella Town
	Dream Ball	A dream-like Pokeball that appears suddenly in your bag when you are in the Highlink Forest. It can catch any Pokemon.	
	Dusk Ball	A somewhat different Poké Ball that makes it easier to catch wild Pokémon at night or in dark places like caves.	Castelia City
Shop
Route 9, Driftveil City, Opelucid City, Pokemon League
	Great Ball	A good, high-performance Ball that provides a higher Pokémon catch rate than a standard Poké Ball.	Route 2, Route 3, Route 4, Route 5, Striaton City, Pinwheel Forest, Castelia City
Shop
Route 9, Accumula Town, Striaton City, Nacrene City, Castelia City, Nimbasa City, Driftveil City, Mistralton City, Icirrus City, Opelucid City, Pokemon League, Lacunosa Town, Undella Town, Black City, White Forest
	Heal Ball	A remedial Poké Ball that restores the caught Pokémon's HP and eliminates any status problem.	Route 3 (From children in Nursery), Castelia City, Chargestone Cave
Shop
Route 9, Striaton City, Nacrene City, Castelia City, Pokemon League
	Luxury Ball	A comfortable Poké Ball that makes a caught wild Pokémon quickly grow friendly.	Shop
Pokemon League, Black City
	Master Ball	The best Ball with the ultimate level of performance. It will catch any wild Pokémon without fail.	Castelia City, Opelucid City (From Professor Juniper)
	Nest Ball	A somewhat different Poké Ball that works especially well on weaker Pokémon in the wild.	Shop
Route 9, Castelia City, Driftveil City, Pokemon League
	Net Ball	A somewhat different Poké Ball that works especially well on Water- and Bug-type Pokémon.	Pinwheel Forest, Castelia City, Cold Storage
Shop
Route 9, Nacrene City, Castelia City, Driftveil City, Pokemon League
	Poké Ball	A device for catching wild Pokémon. It is thrown like a ball at the target. It is designed as a capsule system.	Route 1 (Gift from Professor Juniper), Route 2, Accumula Town, Dreamyard
Shop
Route 9, Accumula Town, Striaton City, Nacrene City, Castelia City, Nimbasa City, Driftveil City, Mistralton City, Icirrus City, Opelucid City, Pokemon League, Lacunosa Town, Undella Town, Black City, Black City, White Forest
	Premier Ball	A somewhat rare Poké Ball that has been specially made to commemorate an event of some sort.	
	Quick Ball	A somewhat different Poké Ball that provides a better catch rate if it is used at the start of a wild encounter.	Castelia City, Castelia City
Shop
Route 9, Opelucid City, Pokemon League, Undella Town
	Repeat Ball	A somewhat different Poké Ball that works especially well on Pokémon species that were previously caught.	Driftveil City
Shop
Pokemon League
	Safari Ball	A special Poké Ball that is used only in the Great Marsh. It is decorated in a camouflage pattern.	
	Timer Ball	A somewhat different Ball that becomes progressively better the more turns there are in a battle.	Castelia City, Castelia City, Chargestone Cave, Challenger's Cave
Shop
Route 9, Opelucid City, Pokemon League, Undella Town
	Ultra Ball	An ultra-performance Ball that provides a higher Pokémon catch rate than a Great Ball.	Route 4 (With Dowsing Machine), Route 7, Route 8, Route 14, Route 15 (With Dowsing Machine), Dreamyard (With Dowsing Machine), Nacrene City (With Dowsing Machine), Nimbasa City (From Professor Juniper), Driftveil City, Mistralton Cave (With Dowsing Machine), Mistralton Cave (With Dowsing Machine), Twist Mountain, Twist Mountain (With Dowsing Machine), Icirrus City (With Dowsing Machine), Moor of Icirrus, Opelucid City (With Dowsing Machine), Victory Road (With Dowsing Machine), Victory Road, Liberty Island (With Dowsing Machine), N's Castle
Shop
Route 9, Accumula Town, Striaton City, Nacrene City, Castelia City, Nimbasa City, Driftveil City, Mistralton City, Icirrus City, Opelucid City, Pokemon League, Lacunosa Town, Undella Town, Black City, White Forest
Mail
If you are trading a Pokémon to a friend and you wish to give them a message, you have the ability of attaching a mail to the Pokémon. The mail come in a variety of styles. In the original Gold & Silver games, you could manually write the mail and place anything you wanted on it. However, in later games, it got restricted to to a massive selection set phrases. The mail is all one-use only and if you remove it from a Pokémon, the mail gets sent to your in-game PC.
Picture	Name	Effect	Location
	BridgeMail D	Letter paper that’s printed with the pattern of a crimson red draw bridge. Given to a Pokemon to hold.	Shop
Driftveil City
	BridgeMail M	Letter paper that’s printed with the pattern of a bridge that Arty drew. Given to a Pokemon to hold.	Shop
Black City, White Forest
	BridgeMail S	Letter paper that’s printed with the pattern of a bridge that cuts through the sky. Given to a Pokemon to hold.	Shop
Castelia City
	BridgeMail T	Letter paper that’s printed with the pattern of a steel suspension bridge. Given to a Pokemon to hold.	Shop
Opelucid City
	BridgeMail V	Letter paper that’s printed with the pattern of a bridge made of bricks. Given to a Pokemon to hold.	Shop
Lacunosa Town
	Favored Mail	Letter paper that’s good to use when you like something. Given to a Pokemon to hold.	Shop
Route 9, Accumula Town, Striaton City, Nacrene City, Castelia City, Driftveil City, Opelucid City, Lacunosa Town, Undella Town, Black City, White Forest
	Greet Mail	Letter paper that’s good to use when you first meet someone. Given to a Pokemon to hold.	Shop
Route 9, Accumula Town, Striaton City, Nacrene City, Castelia City, Driftveil City, Opelucid City, Lacunosa Town, Undella Town, Black City, White Forest
	Inquiry Mail	Letter paper that’s good to use when you write a question to someone. Given to a Pokemon to hold.	Shop
Route 9, Accumula Town, Striaton City, Nacrene City, Castelia City, Driftveil City, Opelucid City, Lacunosa Town, Undella Town, Black City, White Forest
	Like Mail	Letter paper that’s good to use when you recommend something. Given to a Pokemon to hold.	Shop
Route 9, Accumula Town, Striaton City, Nacrene City, Castelia City, Driftveil City, Opelucid City, Lacunosa Town, Undella Town, Black City, White Forest
	RSVP	Letter paper that’s good to use when you want to invite someone. Given to a Pokemon to hold.	Shop
Route 9, Accumula Town, Striaton City, Nacrene City, Castelia City, Driftveil City, Opelucid City, Lacunosa Town, Undella Town, Black City, White Forest
	Reply Mail	Letter paper that’s good to use when you return mail from someone else. Given to a Pokemon to hold.	Shop
Route 9, Accumula Town, Striaton City, Nacrene City, Castelia City, Driftveil City, Opelucid City, Lacunosa Town, Undella Town, Black City, White Forest
	Thanks Mail	Letter paper that’s good to use when you want to express thanks.	Shop
Route 9, Accumula Town, Striaton City, Nacrene City, Castelia City, Driftveil City, Opelucid City, Lacunosa Town, Undella Town, Black City, White Forest
Fossils
In the games, you may find one of several fossils of long extinct Pokémon. These fossils can be taken to specific plates, specifically the Cinnabar Island, Pewter City & Oreburgh Mining Museums as well as Devon Corp., where they will be revived into the Pokémon that became extinct.
Picture	Name	Effect	Location
	Armor Fossil	A fossil from a prehistoric Pokémon that lived on the land. It appears to be part of a collar.	Twist Mountain
	Claw Fossil	A fossil of an ancient Pokémon that lived in the sea. It appears to be part of a claw.	Twist Mountain
	Dome Fossil	A fossil of an ancient Pokémon that lived in the sea. It appears to be part of a shell.	Twist Mountain
	Helix Fossil	A fossil of an ancient Pokémon that lived in the sea. It appears to be part of a seashell.	Twist Mountain
	Cover Fossil	The Fossil of an Ancient Pokemon that lived long ago in the ocean. It appears to be a part of its back.	Relic Castle
	Old Amber	A piece of amber that contains the genetic material of an ancient Pokémon. It is clear with a reddish tint.	Twist Mountain
	Plume Fossil	The Fossil of an Ancient Pokemon that is said to be the ancestor of Bird Pokemon. It appears to be a part of its wing.	Relic Castle
	Root Fossil	A fossil of an ancient Pokémon that lived in the sea. It appears to be part of a plant root.	Twist Mountain
	Skull Fossil	A fossil from a prehistoric Pokémon that lived on the land. It appears to be part of a head.	Twist Mountain
Key Items
Key Items are a very varied and complex batch of items. These items are usually story based and can be used at specific points in the game. Some items give you access to certain areas, some cause certain Pokémon to appear and some just allow you to hold and check other items. These items cannot be given to Pokémon to hold and you can only have one of each item.
Picture	Name	Effect	Location
	Bicycle	A folding Bicycle that enables much faster movement than the Running Shoes.	Nimbasa City (From Bike Shop Owner)
	Dark Stone	The form of Zekrom's destroyed body. If a hero appears holding it, it will be restored.	Nacrene City (From Lenora)
	Dowsing MCHN	It checks for unseen items in the area and makes noise and lights when it finds something.	Nacrene City (From Bianca)
	Dragon Skull	A the skull bone of a Pokemon that used to fly freely around the sea despite the raging water.	Pinwheel Forest (Defeat Team Plasma)
	Gracidea	A flower sometimes bundled in bouquets to convey gratitude on special occasions like birthdays.	Lacunosa Town
	Gram 1	An important letter delivered by Wingull.	Route 13
	Gram 2	An important letter delivered by Wingull.	Route 13
	Gram 3	An important letter delivered by Wingull.	Route 13
	Liberty Pass	A special ticket needed to go to Liberty Garden Island. You can catch a ship from Castelia City.	
	Light Stone	The form of Reshiram's destroyed body. If a hero appears holding it, it will be restored.	Nacrene City (From Lenora)
	Lock Capsule	A sturdy Capsule that can only be opened with a special key.	
	Pal Pad	A convenient notepad that is used for registering your friends, Friend Codes, and keeping a record of game play.	Striaton City (Gift from Fennel's Assistant)
	Prop Case	A beautiful and cool case that will store the many and various Goods that you attach to Pokemon during Musicals.	Nimbasa City (From Owner of Musical)
	Ragecandybar	A delicacy from the Johto Region. Heals all status problems.	Desert Resort (From Professor Juniper), Icirrus City
	Super Rod	An awesome, high-tech fishing rod. Use it by any body of water to fish for wild aquatic Pokémon.	Nuvema Town (Gift from Looker)
	Town Map	A very convenient map that can be viewed anytime. It even shows your present location.	Nuvema Town (Gift from Mother)
	Vs. Recorder	An amazing device that can record a battle either between friends or at a special battle facility.	Nimbasa City
	Xtransceiver	The latest model transceiver with a video camera attached capable of having up to four people involved in a conversation.	Nuvema Town (Gift from Mother)
	Xtransceiver	The latest model transceiver with a video camera attached capable of having up to four people involved in a conversation.	Nuvema Town (Gift from Mother)